Learner,RMSE,MAE,R²,Correlation,Top25 True CATE,Mid50 True CATE,Bot25 True CATE,Train Time,Predict Time
S-Learner (RF),0.08824601967430036,0.06323843576211237,-0.6845242258276059,0.5326269712409654,0.1649563302687721,0.09635756852697064,0.08558505645613375,0.23285341262817383,0.03546643257141113
T-Learner (RF),0.09816678210609317,0.0709489173135858,-1.0845682557295762,0.5034848496739125,0.16022252232665568,0.09807515284011153,0.08688369577196844,0.4045073986053467,0.09309625625610352
X-Learner (RF),0.0691588904043549,0.04972822592317319,-0.03462517881078542,0.612077515587246,0.17084623512844277,0.09504061483821562,0.0823290589739732,1.1737022399902344,0.19302892684936523
V-Learner (DR+CF),0.06269960576305103,0.04725647124495324,0.1496129656822608,0.5490531796321343,0.1653511799144729,0.09851785099237044,0.08086964187963339,36.25437355041504,0.3568542003631592
